{"v":"5.12.1","fr":24,"ip":0,"op":144,"w":510,"h":510,"nm":"开启状态","ddd":0,"assets":[{"id":"image_0","w":89,"h":89,"u":"images/","p":"img_0.png","e":0},{"id":"image_1","w":388,"h":388,"u":"images/","p":"img_1.png","e":0},{"id":"image_2","w":485,"h":485,"u":"images/","p":"img_2.png","e":0}],"fonts":{"list":[{"fName":"DOUYINSANSBOLD-GB","fFamily":"Douyin Sans","fStyle":"Bold","ascent":74.0066528320312}]},"layers":[{"ddd":0,"ind":1,"ty":5,"nm":"关闭","sr":1,"ks":{"o":{"a":0,"k":100,"ix":11},"r":{"a":0,"k":0,"ix":10},"p":{"a":0,"k":[255,302.721,0],"ix":2,"l":2},"a":{"a":0,"k":[31.405,-11.279,0],"ix":1,"l":2},"s":{"a":0,"k":[100,100,100],"ix":6,"l":2}},"ao":0,"t":{"d":{"k":[{"s":{"s":32,"f":"DOUYINSANSBOLD-GB","t":"关闭","ca":0,"j":0,"tr":-4,"lh":38.4000015258789,"ls":0,"fc":[1,1,1]},"t":0}]},"p":{},"m":{"g":1,"a":{"a":0,"k":[0,0],"ix":2}},"a":[]},"ip":0,"op":384,"st":0,"ct":1,"bm":0},{"ddd":0,"ind":2,"ty":2,"nm":"Frame.png","cl":"png","refId":"image_0","sr":1,"ks":{"o":{"a":0,"k":100,"ix":11},"r":{"a":0,"k":0,"ix":10},"p":{"a":0,"k":[255,226.5,0],"ix":2,"l":2},"a":{"a":0,"k":[44.5,44.5,0],"ix":1,"l":2},"s":{"a":0,"k":[100,100,100],"ix":6,"l":2}},"ao":0,"ip":0,"op":384,"st":0,"bm":0},{"ddd":0,"ind":3,"ty":4,"nm":"形状图层 2","sr":1,"ks":{"o":{"a":0,"k":100,"ix":11},"r":{"a":0,"k":0,"ix":10},"p":{"a":0,"k":[255,255,0],"ix":2,"l":2},"a":{"a":0,"k":[35.656,26.656,0],"ix":1,"l":2},"s":{"a":0,"k":[107,107,100],"ix":6,"l":2}},"ao":0,"shapes":[{"ty":"gr","it":[{"d":1,"ty":"el","s":{"a":0,"k":[227.312,227.312],"ix":2},"p":{"a":0,"k":[0,0],"ix":3},"nm":"椭圆路径 1","mn":"ADBE Vector Shape - Ellipse","hd":false},{"ty":"fl","c":{"a":0,"k":[0,0.58431372549,1,1],"ix":4},"o":{"a":0,"k":100,"ix":5},"r":1,"bm":0,"nm":"填充 1","mn":"ADBE Vector Graphic - Fill","hd":false},{"ty":"tr","p":{"a":0,"k":[35.656,26.656],"ix":2},"a":{"a":0,"k":[0,0],"ix":1},"s":{"a":0,"k":[100,100],"ix":3},"r":{"a":0,"k":0,"ix":6},"o":{"a":0,"k":100,"ix":7},"sk":{"a":0,"k":0,"ix":4},"sa":{"a":0,"k":0,"ix":5},"nm":"变换"}],"nm":"椭圆 1","np":3,"cix":2,"bm":0,"ix":1,"mn":"ADBE Vector Group","hd":false}],"ip":0,"op":384,"st":0,"ct":1,"bm":0},{"ddd":0,"ind":4,"ty":4,"nm":"形状图层 20","sr":1,"ks":{"o":{"a":1,"k":[{"i":{"x":[0.833],"y":[0.833]},"o":{"x":[0.167],"y":[0.167]},"t":144,"s":[13],"e":[0]},{"t":168}],"ix":11},"r":{"a":0,"k":0,"ix":10},"p":{"a":0,"k":[255,255,0],"ix":2,"l":2},"a":{"a":0,"k":[35.656,26.656,0],"ix":1,"l":2},"s":{"a":1,"k":[{"i":{"x":[0.833,0.833,0.833],"y":[0.833,0.833,0.833]},"o":{"x":[0.167,0.167,0.167],"y":[0.167,0.167,0.167]},"t":120,"s":[107,107,100],"e":[160,160,100]},{"t":168}],"ix":6,"l":2}},"ao":0,"shapes":[{"ty":"gr","it":[{"d":1,"ty":"el","s":{"a":0,"k":[227.312,227.312],"ix":2},"p":{"a":0,"k":[0,0],"ix":3},"nm":"椭圆路径 1","mn":"ADBE Vector Shape - Ellipse","hd":false},{"ty":"fl","c":{"a":0,"k":[0,0.58431372549,1,1],"ix":4},"o":{"a":0,"k":100,"ix":5},"r":1,"bm":0,"nm":"填充 1","mn":"ADBE Vector Graphic - Fill","hd":false},{"ty":"tr","p":{"a":0,"k":[35.656,26.656],"ix":2},"a":{"a":0,"k":[0,0],"ix":1},"s":{"a":0,"k":[100,100],"ix":3},"r":{"a":0,"k":0,"ix":6},"o":{"a":0,"k":100,"ix":7},"sk":{"a":0,"k":0,"ix":4},"sa":{"a":0,"k":0,"ix":5},"nm":"变换"}],"nm":"椭圆 1","np":3,"cix":2,"bm":0,"ix":1,"mn":"ADBE Vector Group","hd":false}],"ip":120,"op":504,"st":120,"ct":1,"bm":0},{"ddd":0,"ind":5,"ty":4,"nm":"形状图层 19","sr":1,"ks":{"o":{"a":1,"k":[{"i":{"x":[0.833],"y":[0.833]},"o":{"x":[0.167],"y":[0.167]},"t":120,"s":[13],"e":[0]},{"t":144}],"ix":11},"r":{"a":0,"k":0,"ix":10},"p":{"a":0,"k":[255,255,0],"ix":2,"l":2},"a":{"a":0,"k":[35.656,26.656,0],"ix":1,"l":2},"s":{"a":1,"k":[{"i":{"x":[0.833,0.833,0.833],"y":[0.833,0.833,0.833]},"o":{"x":[0.167,0.167,0.167],"y":[0.167,0.167,0.167]},"t":96,"s":[107,107,100],"e":[160,160,100]},{"t":144}],"ix":6,"l":2}},"ao":0,"shapes":[{"ty":"gr","it":[{"d":1,"ty":"el","s":{"a":0,"k":[227.312,227.312],"ix":2},"p":{"a":0,"k":[0,0],"ix":3},"nm":"椭圆路径 1","mn":"ADBE Vector Shape - Ellipse","hd":false},{"ty":"fl","c":{"a":0,"k":[0,0.58431372549,1,1],"ix":4},"o":{"a":0,"k":100,"ix":5},"r":1,"bm":0,"nm":"填充 1","mn":"ADBE Vector Graphic - Fill","hd":false},{"ty":"tr","p":{"a":0,"k":[35.656,26.656],"ix":2},"a":{"a":0,"k":[0,0],"ix":1},"s":{"a":0,"k":[100,100],"ix":3},"r":{"a":0,"k":0,"ix":6},"o":{"a":0,"k":100,"ix":7},"sk":{"a":0,"k":0,"ix":4},"sa":{"a":0,"k":0,"ix":5},"nm":"变换"}],"nm":"椭圆 1","np":3,"cix":2,"bm":0,"ix":1,"mn":"ADBE Vector Group","hd":false}],"ip":96,"op":480,"st":96,"ct":1,"bm":0},{"ddd":0,"ind":6,"ty":4,"nm":"形状图层 18","sr":1,"ks":{"o":{"a":1,"k":[{"i":{"x":[0.833],"y":[0.833]},"o":{"x":[0.167],"y":[0.167]},"t":96,"s":[13],"e":[0]},{"t":120}],"ix":11},"r":{"a":0,"k":0,"ix":10},"p":{"a":0,"k":[255,255,0],"ix":2,"l":2},"a":{"a":0,"k":[35.656,26.656,0],"ix":1,"l":2},"s":{"a":1,"k":[{"i":{"x":[0.833,0.833,0.833],"y":[0.833,0.833,0.833]},"o":{"x":[0.167,0.167,0.167],"y":[0.167,0.167,0.167]},"t":72,"s":[107,107,100],"e":[160,160,100]},{"t":120}],"ix":6,"l":2}},"ao":0,"shapes":[{"ty":"gr","it":[{"d":1,"ty":"el","s":{"a":0,"k":[227.312,227.312],"ix":2},"p":{"a":0,"k":[0,0],"ix":3},"nm":"椭圆路径 1","mn":"ADBE Vector Shape - Ellipse","hd":false},{"ty":"fl","c":{"a":0,"k":[0,0.58431372549,1,1],"ix":4},"o":{"a":0,"k":100,"ix":5},"r":1,"bm":0,"nm":"填充 1","mn":"ADBE Vector Graphic - Fill","hd":false},{"ty":"tr","p":{"a":0,"k":[35.656,26.656],"ix":2},"a":{"a":0,"k":[0,0],"ix":1},"s":{"a":0,"k":[100,100],"ix":3},"r":{"a":0,"k":0,"ix":6},"o":{"a":0,"k":100,"ix":7},"sk":{"a":0,"k":0,"ix":4},"sa":{"a":0,"k":0,"ix":5},"nm":"变换"}],"nm":"椭圆 1","np":3,"cix":2,"bm":0,"ix":1,"mn":"ADBE Vector Group","hd":false}],"ip":72,"op":456,"st":72,"ct":1,"bm":0},{"ddd":0,"ind":7,"ty":4,"nm":"形状图层 17","sr":1,"ks":{"o":{"a":1,"k":[{"i":{"x":[0.833],"y":[0.833]},"o":{"x":[0.167],"y":[0.167]},"t":72,"s":[13],"e":[0]},{"t":96}],"ix":11},"r":{"a":0,"k":0,"ix":10},"p":{"a":0,"k":[255,255,0],"ix":2,"l":2},"a":{"a":0,"k":[35.656,26.656,0],"ix":1,"l":2},"s":{"a":1,"k":[{"i":{"x":[0.833,0.833,0.833],"y":[0.833,0.833,0.833]},"o":{"x":[0.167,0.167,0.167],"y":[0.167,0.167,0.167]},"t":48,"s":[107,107,100],"e":[160,160,100]},{"t":96}],"ix":6,"l":2}},"ao":0,"shapes":[{"ty":"gr","it":[{"d":1,"ty":"el","s":{"a":0,"k":[227.312,227.312],"ix":2},"p":{"a":0,"k":[0,0],"ix":3},"nm":"椭圆路径 1","mn":"ADBE Vector Shape - Ellipse","hd":false},{"ty":"fl","c":{"a":0,"k":[0,0.58431372549,1,1],"ix":4},"o":{"a":0,"k":100,"ix":5},"r":1,"bm":0,"nm":"填充 1","mn":"ADBE Vector Graphic - Fill","hd":false},{"ty":"tr","p":{"a":0,"k":[35.656,26.656],"ix":2},"a":{"a":0,"k":[0,0],"ix":1},"s":{"a":0,"k":[100,100],"ix":3},"r":{"a":0,"k":0,"ix":6},"o":{"a":0,"k":100,"ix":7},"sk":{"a":0,"k":0,"ix":4},"sa":{"a":0,"k":0,"ix":5},"nm":"变换"}],"nm":"椭圆 1","np":3,"cix":2,"bm":0,"ix":1,"mn":"ADBE Vector Group","hd":false}],"ip":48,"op":432,"st":48,"ct":1,"bm":0},{"ddd":0,"ind":8,"ty":4,"nm":"形状图层 16","sr":1,"ks":{"o":{"a":1,"k":[{"i":{"x":[0.833],"y":[0.833]},"o":{"x":[0.167],"y":[0.167]},"t":48,"s":[13],"e":[0]},{"t":72}],"ix":11},"r":{"a":0,"k":0,"ix":10},"p":{"a":0,"k":[255,255,0],"ix":2,"l":2},"a":{"a":0,"k":[35.656,26.656,0],"ix":1,"l":2},"s":{"a":1,"k":[{"i":{"x":[0.833,0.833,0.833],"y":[0.833,0.833,0.833]},"o":{"x":[0.167,0.167,0.167],"y":[0.167,0.167,0.167]},"t":24,"s":[107,107,100],"e":[160,160,100]},{"t":72}],"ix":6,"l":2}},"ao":0,"shapes":[{"ty":"gr","it":[{"d":1,"ty":"el","s":{"a":0,"k":[227.312,227.312],"ix":2},"p":{"a":0,"k":[0,0],"ix":3},"nm":"椭圆路径 1","mn":"ADBE Vector Shape - Ellipse","hd":false},{"ty":"fl","c":{"a":0,"k":[0,0.58431372549,1,1],"ix":4},"o":{"a":0,"k":100,"ix":5},"r":1,"bm":0,"nm":"填充 1","mn":"ADBE Vector Graphic - Fill","hd":false},{"ty":"tr","p":{"a":0,"k":[35.656,26.656],"ix":2},"a":{"a":0,"k":[0,0],"ix":1},"s":{"a":0,"k":[100,100],"ix":3},"r":{"a":0,"k":0,"ix":6},"o":{"a":0,"k":100,"ix":7},"sk":{"a":0,"k":0,"ix":4},"sa":{"a":0,"k":0,"ix":5},"nm":"变换"}],"nm":"椭圆 1","np":3,"cix":2,"bm":0,"ix":1,"mn":"ADBE Vector Group","hd":false}],"ip":24,"op":408,"st":24,"ct":1,"bm":0},{"ddd":0,"ind":9,"ty":4,"nm":"形状图层 21","sr":1,"ks":{"o":{"a":1,"k":[{"i":{"x":[0.833],"y":[0.833]},"o":{"x":[0.167],"y":[0.167]},"t":24,"s":[13],"e":[0]},{"t":48}],"ix":11},"r":{"a":0,"k":0,"ix":10},"p":{"a":0,"k":[255,255,0],"ix":2,"l":2},"a":{"a":0,"k":[35.656,26.656,0],"ix":1,"l":2},"s":{"a":1,"k":[{"i":{"x":[0.833,0.833,0.833],"y":[0.833,0.833,0.833]},"o":{"x":[0.167,0.167,0.167],"y":[0.167,0.167,0.167]},"t":0,"s":[107,107,100],"e":[160,160,100]},{"t":48}],"ix":6,"l":2}},"ao":0,"shapes":[{"ty":"gr","it":[{"d":1,"ty":"el","s":{"a":0,"k":[227.312,227.312],"ix":2},"p":{"a":0,"k":[0,0],"ix":3},"nm":"椭圆路径 1","mn":"ADBE Vector Shape - Ellipse","hd":false},{"ty":"fl","c":{"a":0,"k":[0,0.58431372549,1,1],"ix":4},"o":{"a":0,"k":100,"ix":5},"r":1,"bm":0,"nm":"填充 1","mn":"ADBE Vector Graphic - Fill","hd":false},{"ty":"tr","p":{"a":0,"k":[35.656,26.656],"ix":2},"a":{"a":0,"k":[0,0],"ix":1},"s":{"a":0,"k":[100,100],"ix":3},"r":{"a":0,"k":0,"ix":6},"o":{"a":0,"k":100,"ix":7},"sk":{"a":0,"k":0,"ix":4},"sa":{"a":0,"k":0,"ix":5},"nm":"变换"}],"nm":"椭圆 1","np":3,"cix":2,"bm":0,"ix":1,"mn":"ADBE Vector Group","hd":false}],"ip":0,"op":384,"st":0,"ct":1,"bm":0},{"ddd":0,"ind":10,"ty":4,"nm":"形状图层 15","sr":1,"ks":{"o":{"a":1,"k":[{"i":{"x":[0.833],"y":[0.833]},"o":{"x":[0.167],"y":[0.167]},"t":0,"s":[13],"e":[0]},{"t":24}],"ix":11},"r":{"a":0,"k":0,"ix":10},"p":{"a":0,"k":[255,255,0],"ix":2,"l":2},"a":{"a":0,"k":[35.656,26.656,0],"ix":1,"l":2},"s":{"a":1,"k":[{"i":{"x":[0.833,0.833,0.833],"y":[0.833,0.833,0.833]},"o":{"x":[0.167,0.167,0.167],"y":[0.167,0.167,0.167]},"t":-24,"s":[107,107,100],"e":[160,160,100]},{"t":24}],"ix":6,"l":2}},"ao":0,"shapes":[{"ty":"gr","it":[{"d":1,"ty":"el","s":{"a":0,"k":[227.312,227.312],"ix":2},"p":{"a":0,"k":[0,0],"ix":3},"nm":"椭圆路径 1","mn":"ADBE Vector Shape - Ellipse","hd":false},{"ty":"fl","c":{"a":0,"k":[0,0.58431372549,1,1],"ix":4},"o":{"a":0,"k":100,"ix":5},"r":1,"bm":0,"nm":"填充 1","mn":"ADBE Vector Graphic - Fill","hd":false},{"ty":"tr","p":{"a":0,"k":[35.656,26.656],"ix":2},"a":{"a":0,"k":[0,0],"ix":1},"s":{"a":0,"k":[100,100],"ix":3},"r":{"a":0,"k":0,"ix":6},"o":{"a":0,"k":100,"ix":7},"sk":{"a":0,"k":0,"ix":4},"sa":{"a":0,"k":0,"ix":5},"nm":"变换"}],"nm":"椭圆 1","np":3,"cix":2,"bm":0,"ix":1,"mn":"ADBE Vector Group","hd":false}],"ip":-24,"op":360,"st":-24,"ct":1,"bm":0},{"ddd":0,"ind":11,"ty":4,"nm":"形状图层 1","sr":1,"ks":{"o":{"a":0,"k":100,"ix":11},"r":{"a":0,"k":0,"ix":10},"p":{"a":0,"k":[255,255,0],"ix":2,"l":2},"a":{"a":0,"k":[35.656,26.656,0],"ix":1,"l":2},"s":{"a":0,"k":[167,167,100],"ix":6,"l":2}},"ao":0,"shapes":[],"ip":0,"op":384,"st":0,"ct":1,"bm":0},{"ddd":0,"ind":12,"ty":2,"nm":"路径.png","cl":"png","refId":"image_1","sr":1,"ks":{"o":{"a":0,"k":100,"ix":11},"r":{"a":1,"k":[{"i":{"x":[0.833],"y":[0.833]},"o":{"x":[0.167],"y":[0.167]},"t":0,"s":[360],"e":[0]},{"t":144}],"ix":10},"p":{"a":0,"k":[255,255,0],"ix":2,"l":2},"a":{"a":0,"k":[194,194,0],"ix":1,"l":2},"s":{"a":0,"k":[100,100,100],"ix":6,"l":2}},"ao":0,"ip":0,"op":384,"st":0,"bm":0},{"ddd":0,"ind":13,"ty":2,"nm":"Group 3.png","cl":"png","refId":"image_2","sr":1,"ks":{"o":{"a":0,"k":100,"ix":11},"r":{"a":1,"k":[{"i":{"x":[0.833],"y":[0.833]},"o":{"x":[0.167],"y":[0.167]},"t":0,"s":[0],"e":[360]},{"t":144}],"ix":10},"p":{"a":0,"k":[255,255,0],"ix":2,"l":2},"a":{"a":0,"k":[242.5,242.5,0],"ix":1,"l":2},"s":{"a":0,"k":[100,100,100],"ix":6,"l":2}},"ao":0,"ip":0,"op":384,"st":0,"bm":0}],"markers":[],"props":{},"chars":[{"ch":"关","size":32,"style":"Bold","w":100,"data":{"shapes":[{"ty":"gr","it":[{"ind":0,"ty":"sh","ix":1,"ks":{"a":0,"k":{"i":[[0,0],[0,0],[0,0],[0,0]],"o":[[0,0],[0,0],[0,0],[0,0]],"v":[[38.974,-66.367],[33.334,-80.566],[21.048,-80.566],[26.486,-66.367]],"c":true},"ix":2},"nm":"关","mn":"ADBE Vector Shape - Group","hd":false},{"ind":1,"ty":"sh","ix":2,"ks":{"a":0,"k":{"i":[[0,0],[0,0],[0,0],[0,0],[0,0],[0,0],[0,0],[0,0],[0,0],[0,0],[0,0],[23.868,-6.747],[0,0],[-7.05,11.38],[-21.552,-6.244],[0,0],[4.633,10.272],[0,0],[0,0],[0,0],[0,0],[0,0],[0,0]],"o":[[0,0],[0,0],[0,0],[0,0],[0,0],[0,0],[0,0],[0,0],[0,0],[0,0],[-3.625,9.567],[0,0],[22.357,-5.942],[7.352,11.581],[0,0],[-21.854,-6.143],[0,0],[0,0],[0,0],[0,0],[0,0],[0,0],[0,0]],"v":[[73.517,-63.245],[79.962,-80.566],[67.072,-80.566],[60.828,-63.245],[8.762,-63.245],[9.668,-52.771],[44.211,-52.771],[44.211,-38.47],[6.244,-38.47],[7.15,-27.997],[42.801,-27.997],[4.33,-1.813],[7.553,9.97],[51.059,-17.12],[93.054,10.071],[96.277,-1.813],[58.209,-27.997],[94.162,-27.997],[94.162,-38.47],[56.497,-38.47],[56.497,-52.771],[91.544,-52.771],[91.544,-63.245]],"c":true},"ix":2},"nm":"关","mn":"ADBE Vector Shape - Group","hd":false}],"nm":"关","np":5,"cix":2,"bm":0,"ix":1,"mn":"ADBE Vector Group","hd":false}]},"fFamily":"Douyin Sans"},{"ch":"闭","size":32,"style":"Bold","w":100,"data":{"shapes":[{"ty":"gr","it":[{"ind":0,"ty":"sh","ix":1,"ks":{"a":0,"k":{"i":[[0,0],[0,0],[0,-0.906],[0,0],[3.424,-0.101],[5.035,1.007],[0,0],[-5.74,0],[0,6.445],[0,0],[4.834,0],[0,0]],"o":[[0,0],[0.906,0],[0,0],[0,3.223],[-4.23,0.101],[0,0],[4.834,1.007],[6.747,0],[0,0],[0,-4.834],[0,0],[0,0]],"v":[[39.377,-65.863],[78.552,-65.863],[80.063,-64.352],[80.063,-6.042],[74.625,-0.906],[61.633,-2.216],[64.453,8.56],[79.962,9.769],[92.349,-2.014],[92.349,-68.28],[84.293,-76.337],[39.377,-76.337]],"c":true},"ix":2},"nm":"闭","mn":"ADBE Vector Shape - Group","hd":false},{"ind":1,"ty":"sh","ix":2,"ks":{"a":0,"k":{"i":[[0,0],[0,0],[0,0],[0,0]],"o":[[0,0],[0,0],[0,0],[0,0]],"v":[[20.847,10.071],[20.847,-59.116],[8.661,-59.116],[8.661,10.071]],"c":true},"ix":2},"nm":"闭","mn":"ADBE Vector Shape - Group","hd":false},{"ind":2,"ty":"sh","ix":3,"ks":{"a":0,"k":{"i":[[0,0],[0,0],[0,0],[0,0]],"o":[[0,0],[0,0],[0,0],[0,0]],"v":[[35.449,-62.842],[25.278,-78.552],[12.085,-78.552],[22.256,-62.842]],"c":true},"ix":2},"nm":"闭","mn":"ADBE Vector Shape - Group","hd":false},{"ind":3,"ty":"sh","ix":4,"ks":{"a":0,"k":{"i":[[0,0],[0,0],[0,0],[0,0],[0,0],[0,0],[0,0],[0,0],[0,0],[0,0],[9.366,-5.64],[0,0],[-6.244,9.467],[0,0],[2.316,-0.302],[4.633,1.108],[0,0],[-4.733,0.504],[0,6.848]],"o":[[0,0],[0,0],[0,0],[0,0],[0,0],[0,0],[0,0],[0,0],[0,0],[-5.539,8.157],[0,0],[12.387,-7.15],[0,0],[0,2.216],[-3.122,0.403],[0,0],[4.834,1.208],[6.647,-0.806],[0,0]],"v":[[65.561,-40.082],[75.43,-40.082],[75.43,-50.153],[65.561,-50.153],[65.561,-61.533],[53.879,-61.533],[53.879,-50.153],[26.385,-50.153],[27.393,-40.082],[45.721,-40.082],[22.659,-19.336],[25.781,-7.755],[53.879,-33.636],[53.879,-16.315],[50.555,-12.488],[38.773,-13.394],[41.492,-2.921],[55.289,-1.913],[65.561,-14.099]],"c":true},"ix":2},"nm":"闭","mn":"ADBE Vector Shape - Group","hd":false}],"nm":"闭","np":7,"cix":2,"bm":0,"ix":1,"mn":"ADBE Vector Group","hd":false}]},"fFamily":"Douyin Sans"}],"comps":[]}