{"v":"5.12.1","fr":24,"ip":0,"op":24,"w":510,"h":510,"nm":"默认状态","ddd":0,"assets":[{"id":"image_0","w":89,"h":89,"u":"images/","p":"img_0.png","e":0},{"id":"image_1","w":388,"h":388,"u":"images/","p":"img_1.png","e":0},{"id":"image_2","w":485,"h":485,"u":"images/","p":"img_2.png","e":0}],"fonts":{"list":[{"fName":"DOUYINSANSBOLD-GB","fFamily":"Douyin Sans","fStyle":"Bold","ascent":74.0066528320312}]},"layers":[{"ddd":0,"ind":1,"ty":5,"nm":"开启光帆","sr":1,"ks":{"o":{"a":0,"k":100,"ix":11},"r":{"a":0,"k":0,"ix":10},"p":{"a":0,"k":[255,303.027,0],"ix":2,"l":2},"a":{"a":0,"k":[64.066,-10.973,0],"ix":1,"l":2},"s":{"a":0,"k":[100,100,100],"ix":6,"l":2}},"ao":0,"t":{"d":{"k":[{"s":{"s":32,"f":"DOUYINSANSBOLD-GB","t":"开启光帆","ca":0,"j":0,"tr":-4,"lh":38.4000015258789,"ls":0,"fc":[1,1,1]},"t":0}]},"p":{},"m":{"g":1,"a":{"a":0,"k":[0,0],"ix":2}},"a":[]},"ip":0,"op":384,"st":0,"ct":1,"bm":0},{"ddd":0,"ind":2,"ty":2,"nm":"Frame.png","cl":"png","refId":"image_0","sr":1,"ks":{"o":{"a":0,"k":100,"ix":11},"r":{"a":0,"k":0,"ix":10},"p":{"a":0,"k":[255,226.5,0],"ix":2,"l":2},"a":{"a":0,"k":[44.5,44.5,0],"ix":1,"l":2},"s":{"a":0,"k":[100,100,100],"ix":6,"l":2}},"ao":0,"ip":0,"op":384,"st":0,"bm":0},{"ddd":0,"ind":3,"ty":4,"nm":"形状图层 2","sr":1,"ks":{"o":{"a":0,"k":100,"ix":11},"r":{"a":0,"k":0,"ix":10},"p":{"a":0,"k":[255,255,0],"ix":2,"l":2},"a":{"a":0,"k":[35.656,26.656,0],"ix":1,"l":2},"s":{"a":0,"k":[107,107,100],"ix":6,"l":2}},"ao":0,"shapes":[{"ty":"gr","it":[{"d":1,"ty":"el","s":{"a":0,"k":[227.312,227.312],"ix":2},"p":{"a":0,"k":[0,0],"ix":3},"nm":"椭圆路径 1","mn":"ADBE Vector Shape - Ellipse","hd":false},{"ty":"fl","c":{"a":0,"k":[0,0.58431372549,1,1],"ix":4},"o":{"a":0,"k":100,"ix":5},"r":1,"bm":0,"nm":"填充 1","mn":"ADBE Vector Graphic - Fill","hd":false},{"ty":"tr","p":{"a":0,"k":[35.656,26.656],"ix":2},"a":{"a":0,"k":[0,0],"ix":1},"s":{"a":0,"k":[100,100],"ix":3},"r":{"a":0,"k":0,"ix":6},"o":{"a":0,"k":100,"ix":7},"sk":{"a":0,"k":0,"ix":4},"sa":{"a":0,"k":0,"ix":5},"nm":"变换"}],"nm":"椭圆 1","np":3,"cix":2,"bm":0,"ix":1,"mn":"ADBE Vector Group","hd":false}],"ip":0,"op":384,"st":0,"ct":1,"bm":0},{"ddd":0,"ind":4,"ty":4,"nm":"形状图层 20","sr":1,"ks":{"o":{"a":1,"k":[{"i":{"x":[0.833],"y":[0.833]},"o":{"x":[0.167],"y":[0.167]},"t":144,"s":[13],"e":[0]},{"t":168}],"ix":11},"r":{"a":0,"k":0,"ix":10},"p":{"a":0,"k":[255,255,0],"ix":2,"l":2},"a":{"a":0,"k":[35.656,26.656,0],"ix":1,"l":2},"s":{"a":1,"k":[{"i":{"x":[0.833,0.833,0.833],"y":[0.833,0.833,0.833]},"o":{"x":[0.167,0.167,0.167],"y":[0.167,0.167,0.167]},"t":120,"s":[107,107,100],"e":[160,160,100]},{"t":168}],"ix":6,"l":2}},"ao":0,"shapes":[{"ty":"gr","it":[{"d":1,"ty":"el","s":{"a":0,"k":[227.312,227.312],"ix":2},"p":{"a":0,"k":[0,0],"ix":3},"nm":"椭圆路径 1","mn":"ADBE Vector Shape - Ellipse","hd":false},{"ty":"fl","c":{"a":0,"k":[0,0.58431372549,1,1],"ix":4},"o":{"a":0,"k":100,"ix":5},"r":1,"bm":0,"nm":"填充 1","mn":"ADBE Vector Graphic - Fill","hd":false},{"ty":"tr","p":{"a":0,"k":[35.656,26.656],"ix":2},"a":{"a":0,"k":[0,0],"ix":1},"s":{"a":0,"k":[100,100],"ix":3},"r":{"a":0,"k":0,"ix":6},"o":{"a":0,"k":100,"ix":7},"sk":{"a":0,"k":0,"ix":4},"sa":{"a":0,"k":0,"ix":5},"nm":"变换"}],"nm":"椭圆 1","np":3,"cix":2,"bm":0,"ix":1,"mn":"ADBE Vector Group","hd":false}],"ip":120,"op":504,"st":120,"ct":1,"bm":0},{"ddd":0,"ind":5,"ty":4,"nm":"形状图层 19","sr":1,"ks":{"o":{"a":1,"k":[{"i":{"x":[0.833],"y":[0.833]},"o":{"x":[0.167],"y":[0.167]},"t":120,"s":[13],"e":[0]},{"t":144}],"ix":11},"r":{"a":0,"k":0,"ix":10},"p":{"a":0,"k":[255,255,0],"ix":2,"l":2},"a":{"a":0,"k":[35.656,26.656,0],"ix":1,"l":2},"s":{"a":1,"k":[{"i":{"x":[0.833,0.833,0.833],"y":[0.833,0.833,0.833]},"o":{"x":[0.167,0.167,0.167],"y":[0.167,0.167,0.167]},"t":96,"s":[107,107,100],"e":[160,160,100]},{"t":144}],"ix":6,"l":2}},"ao":0,"shapes":[{"ty":"gr","it":[{"d":1,"ty":"el","s":{"a":0,"k":[227.312,227.312],"ix":2},"p":{"a":0,"k":[0,0],"ix":3},"nm":"椭圆路径 1","mn":"ADBE Vector Shape - Ellipse","hd":false},{"ty":"fl","c":{"a":0,"k":[0,0.58431372549,1,1],"ix":4},"o":{"a":0,"k":100,"ix":5},"r":1,"bm":0,"nm":"填充 1","mn":"ADBE Vector Graphic - Fill","hd":false},{"ty":"tr","p":{"a":0,"k":[35.656,26.656],"ix":2},"a":{"a":0,"k":[0,0],"ix":1},"s":{"a":0,"k":[100,100],"ix":3},"r":{"a":0,"k":0,"ix":6},"o":{"a":0,"k":100,"ix":7},"sk":{"a":0,"k":0,"ix":4},"sa":{"a":0,"k":0,"ix":5},"nm":"变换"}],"nm":"椭圆 1","np":3,"cix":2,"bm":0,"ix":1,"mn":"ADBE Vector Group","hd":false}],"ip":96,"op":480,"st":96,"ct":1,"bm":0},{"ddd":0,"ind":6,"ty":4,"nm":"形状图层 18","sr":1,"ks":{"o":{"a":1,"k":[{"i":{"x":[0.833],"y":[0.833]},"o":{"x":[0.167],"y":[0.167]},"t":96,"s":[13],"e":[0]},{"t":120}],"ix":11},"r":{"a":0,"k":0,"ix":10},"p":{"a":0,"k":[255,255,0],"ix":2,"l":2},"a":{"a":0,"k":[35.656,26.656,0],"ix":1,"l":2},"s":{"a":1,"k":[{"i":{"x":[0.833,0.833,0.833],"y":[0.833,0.833,0.833]},"o":{"x":[0.167,0.167,0.167],"y":[0.167,0.167,0.167]},"t":72,"s":[107,107,100],"e":[160,160,100]},{"t":120}],"ix":6,"l":2}},"ao":0,"shapes":[{"ty":"gr","it":[{"d":1,"ty":"el","s":{"a":0,"k":[227.312,227.312],"ix":2},"p":{"a":0,"k":[0,0],"ix":3},"nm":"椭圆路径 1","mn":"ADBE Vector Shape - Ellipse","hd":false},{"ty":"fl","c":{"a":0,"k":[0,0.58431372549,1,1],"ix":4},"o":{"a":0,"k":100,"ix":5},"r":1,"bm":0,"nm":"填充 1","mn":"ADBE Vector Graphic - Fill","hd":false},{"ty":"tr","p":{"a":0,"k":[35.656,26.656],"ix":2},"a":{"a":0,"k":[0,0],"ix":1},"s":{"a":0,"k":[100,100],"ix":3},"r":{"a":0,"k":0,"ix":6},"o":{"a":0,"k":100,"ix":7},"sk":{"a":0,"k":0,"ix":4},"sa":{"a":0,"k":0,"ix":5},"nm":"变换"}],"nm":"椭圆 1","np":3,"cix":2,"bm":0,"ix":1,"mn":"ADBE Vector Group","hd":false}],"ip":72,"op":456,"st":72,"ct":1,"bm":0},{"ddd":0,"ind":7,"ty":4,"nm":"形状图层 17","sr":1,"ks":{"o":{"a":1,"k":[{"i":{"x":[0.833],"y":[0.833]},"o":{"x":[0.167],"y":[0.167]},"t":72,"s":[13],"e":[0]},{"t":96}],"ix":11},"r":{"a":0,"k":0,"ix":10},"p":{"a":0,"k":[255,255,0],"ix":2,"l":2},"a":{"a":0,"k":[35.656,26.656,0],"ix":1,"l":2},"s":{"a":1,"k":[{"i":{"x":[0.833,0.833,0.833],"y":[0.833,0.833,0.833]},"o":{"x":[0.167,0.167,0.167],"y":[0.167,0.167,0.167]},"t":48,"s":[107,107,100],"e":[160,160,100]},{"t":96}],"ix":6,"l":2}},"ao":0,"shapes":[{"ty":"gr","it":[{"d":1,"ty":"el","s":{"a":0,"k":[227.312,227.312],"ix":2},"p":{"a":0,"k":[0,0],"ix":3},"nm":"椭圆路径 1","mn":"ADBE Vector Shape - Ellipse","hd":false},{"ty":"fl","c":{"a":0,"k":[0,0.58431372549,1,1],"ix":4},"o":{"a":0,"k":100,"ix":5},"r":1,"bm":0,"nm":"填充 1","mn":"ADBE Vector Graphic - Fill","hd":false},{"ty":"tr","p":{"a":0,"k":[35.656,26.656],"ix":2},"a":{"a":0,"k":[0,0],"ix":1},"s":{"a":0,"k":[100,100],"ix":3},"r":{"a":0,"k":0,"ix":6},"o":{"a":0,"k":100,"ix":7},"sk":{"a":0,"k":0,"ix":4},"sa":{"a":0,"k":0,"ix":5},"nm":"变换"}],"nm":"椭圆 1","np":3,"cix":2,"bm":0,"ix":1,"mn":"ADBE Vector Group","hd":false}],"ip":48,"op":432,"st":48,"ct":1,"bm":0},{"ddd":0,"ind":8,"ty":4,"nm":"形状图层 16","sr":1,"ks":{"o":{"a":1,"k":[{"i":{"x":[0.833],"y":[0.833]},"o":{"x":[0.167],"y":[0.167]},"t":48,"s":[13],"e":[0]},{"t":72}],"ix":11},"r":{"a":0,"k":0,"ix":10},"p":{"a":0,"k":[255,255,0],"ix":2,"l":2},"a":{"a":0,"k":[35.656,26.656,0],"ix":1,"l":2},"s":{"a":1,"k":[{"i":{"x":[0.833,0.833,0.833],"y":[0.833,0.833,0.833]},"o":{"x":[0.167,0.167,0.167],"y":[0.167,0.167,0.167]},"t":24,"s":[107,107,100],"e":[160,160,100]},{"t":72}],"ix":6,"l":2}},"ao":0,"shapes":[{"ty":"gr","it":[{"d":1,"ty":"el","s":{"a":0,"k":[227.312,227.312],"ix":2},"p":{"a":0,"k":[0,0],"ix":3},"nm":"椭圆路径 1","mn":"ADBE Vector Shape - Ellipse","hd":false},{"ty":"fl","c":{"a":0,"k":[0,0.58431372549,1,1],"ix":4},"o":{"a":0,"k":100,"ix":5},"r":1,"bm":0,"nm":"填充 1","mn":"ADBE Vector Graphic - Fill","hd":false},{"ty":"tr","p":{"a":0,"k":[35.656,26.656],"ix":2},"a":{"a":0,"k":[0,0],"ix":1},"s":{"a":0,"k":[100,100],"ix":3},"r":{"a":0,"k":0,"ix":6},"o":{"a":0,"k":100,"ix":7},"sk":{"a":0,"k":0,"ix":4},"sa":{"a":0,"k":0,"ix":5},"nm":"变换"}],"nm":"椭圆 1","np":3,"cix":2,"bm":0,"ix":1,"mn":"ADBE Vector Group","hd":false}],"ip":24,"op":408,"st":24,"ct":1,"bm":0},{"ddd":0,"ind":9,"ty":4,"nm":"形状图层 21","sr":1,"ks":{"o":{"a":1,"k":[{"i":{"x":[0.833],"y":[0.833]},"o":{"x":[0.167],"y":[0.167]},"t":24,"s":[13],"e":[0]},{"t":48}],"ix":11},"r":{"a":0,"k":0,"ix":10},"p":{"a":0,"k":[255,255,0],"ix":2,"l":2},"a":{"a":0,"k":[35.656,26.656,0],"ix":1,"l":2},"s":{"a":1,"k":[{"i":{"x":[0.833,0.833,0.833],"y":[0.833,0.833,0.833]},"o":{"x":[0.167,0.167,0.167],"y":[0.167,0.167,0.167]},"t":0,"s":[107,107,100],"e":[160,160,100]},{"t":48}],"ix":6,"l":2}},"ao":0,"shapes":[{"ty":"gr","it":[{"d":1,"ty":"el","s":{"a":0,"k":[227.312,227.312],"ix":2},"p":{"a":0,"k":[0,0],"ix":3},"nm":"椭圆路径 1","mn":"ADBE Vector Shape - Ellipse","hd":false},{"ty":"fl","c":{"a":0,"k":[0,0.58431372549,1,1],"ix":4},"o":{"a":0,"k":100,"ix":5},"r":1,"bm":0,"nm":"填充 1","mn":"ADBE Vector Graphic - Fill","hd":false},{"ty":"tr","p":{"a":0,"k":[35.656,26.656],"ix":2},"a":{"a":0,"k":[0,0],"ix":1},"s":{"a":0,"k":[100,100],"ix":3},"r":{"a":0,"k":0,"ix":6},"o":{"a":0,"k":100,"ix":7},"sk":{"a":0,"k":0,"ix":4},"sa":{"a":0,"k":0,"ix":5},"nm":"变换"}],"nm":"椭圆 1","np":3,"cix":2,"bm":0,"ix":1,"mn":"ADBE Vector Group","hd":false}],"ip":0,"op":384,"st":0,"ct":1,"bm":0},{"ddd":0,"ind":10,"ty":4,"nm":"形状图层 15","sr":1,"ks":{"o":{"a":1,"k":[{"i":{"x":[0.833],"y":[0.833]},"o":{"x":[0.167],"y":[0.167]},"t":0,"s":[13],"e":[0]},{"t":24}],"ix":11},"r":{"a":0,"k":0,"ix":10},"p":{"a":0,"k":[255,255,0],"ix":2,"l":2},"a":{"a":0,"k":[35.656,26.656,0],"ix":1,"l":2},"s":{"a":1,"k":[{"i":{"x":[0.833,0.833,0.833],"y":[0.833,0.833,0.833]},"o":{"x":[0.167,0.167,0.167],"y":[0.167,0.167,0.167]},"t":-24,"s":[107,107,100],"e":[160,160,100]},{"t":24}],"ix":6,"l":2}},"ao":0,"shapes":[{"ty":"gr","it":[{"d":1,"ty":"el","s":{"a":0,"k":[227.312,227.312],"ix":2},"p":{"a":0,"k":[0,0],"ix":3},"nm":"椭圆路径 1","mn":"ADBE Vector Shape - Ellipse","hd":false},{"ty":"fl","c":{"a":0,"k":[0,0.58431372549,1,1],"ix":4},"o":{"a":0,"k":100,"ix":5},"r":1,"bm":0,"nm":"填充 1","mn":"ADBE Vector Graphic - Fill","hd":false},{"ty":"tr","p":{"a":0,"k":[35.656,26.656],"ix":2},"a":{"a":0,"k":[0,0],"ix":1},"s":{"a":0,"k":[100,100],"ix":3},"r":{"a":0,"k":0,"ix":6},"o":{"a":0,"k":100,"ix":7},"sk":{"a":0,"k":0,"ix":4},"sa":{"a":0,"k":0,"ix":5},"nm":"变换"}],"nm":"椭圆 1","np":3,"cix":2,"bm":0,"ix":1,"mn":"ADBE Vector Group","hd":false}],"ip":-24,"op":360,"st":-24,"ct":1,"bm":0},{"ddd":0,"ind":11,"ty":4,"nm":"形状图层 1","sr":1,"ks":{"o":{"a":0,"k":100,"ix":11},"r":{"a":0,"k":0,"ix":10},"p":{"a":0,"k":[255,255,0],"ix":2,"l":2},"a":{"a":0,"k":[35.656,26.656,0],"ix":1,"l":2},"s":{"a":0,"k":[167,167,100],"ix":6,"l":2}},"ao":0,"shapes":[],"ip":0,"op":384,"st":0,"ct":1,"bm":0},{"ddd":0,"ind":12,"ty":2,"nm":"路径.png","cl":"png","refId":"image_1","sr":1,"ks":{"o":{"a":0,"k":100,"ix":11},"r":{"a":0,"k":360,"ix":10},"p":{"a":0,"k":[255,255,0],"ix":2,"l":2},"a":{"a":0,"k":[194,194,0],"ix":1,"l":2},"s":{"a":0,"k":[100,100,100],"ix":6,"l":2}},"ao":0,"ip":0,"op":384,"st":0,"bm":0},{"ddd":0,"ind":13,"ty":2,"nm":"Group 3.png","cl":"png","refId":"image_2","sr":1,"ks":{"o":{"a":0,"k":100,"ix":11},"r":{"a":0,"k":0,"ix":10},"p":{"a":0,"k":[255,255,0],"ix":2,"l":2},"a":{"a":0,"k":[242.5,242.5,0],"ix":1,"l":2},"s":{"a":0,"k":[100,100,100],"ix":6,"l":2}},"ao":0,"ip":0,"op":384,"st":0,"bm":0}],"markers":[],"props":{},"chars":[{"ch":"开","size":32,"style":"Bold","w":100,"data":{"shapes":[{"ty":"gr","it":[{"ind":0,"ty":"sh","ix":1,"ks":{"a":0,"k":{"i":[[0,0],[0,0],[0,0],[0,0],[0,0],[0,0],[0,0],[0,0],[0,0],[0,0],[0,0],[0.201,-3.223],[0,0],[0,0],[0,0],[11.179,-8.56],[0,0],[-2.719,17.12],[0,0],[0,0],[0,0]],"o":[[0,0],[0,0],[0,0],[0,0],[0,0],[0,0],[0,0],[0,0],[0,0],[0,0],[0,3.726],[0,0],[0,0],[0,0],[-2.216,11.783],[0,0],[16.617,-11.481],[0,0],[0,0],[0,0],[0,0]],"v":[[76.84,-29.306],[96.478,-29.306],[96.478,-39.78],[76.84,-39.78],[76.84,-64.856],[92.148,-64.856],[92.148,-75.33],[9.064,-75.33],[10.172,-64.856],[26.385,-64.856],[26.385,-50.253],[26.083,-39.78],[4.028,-39.78],[5.035,-29.306],[24.976,-29.306],[6.445,-0.604],[10.977,11.984],[37.363,-29.306],[64.554,-29.306],[64.554,10.071],[76.84,10.071]],"c":true},"ix":2},"nm":"开","mn":"ADBE Vector Shape - Group","hd":false},{"ind":1,"ty":"sh","ix":2,"ks":{"a":0,"k":{"i":[[0,0],[0,0],[0,3.525],[0,0],[0,0]],"o":[[0,0],[0.201,-3.223],[0,0],[0,0],[0,0]],"v":[[64.554,-39.78],[38.37,-39.78],[38.672,-49.951],[38.672,-64.856],[64.554,-64.856]],"c":true},"ix":2},"nm":"开","mn":"ADBE Vector Shape - Group","hd":false}],"nm":"开","np":5,"cix":2,"bm":0,"ix":1,"mn":"ADBE Vector Group","hd":false}]},"fFamily":"Douyin Sans"},{"ch":"启","size":32,"style":"Bold","w":100,"data":{"shapes":[{"ty":"gr","it":[{"ind":0,"ty":"sh","ix":1,"ks":{"a":0,"k":{"i":[[4.834,0],[0,0],[0,-4.834],[0,0],[-4.834,0],[0,0],[0,4.834],[0,0]],"o":[[0,0],[-4.834,0],[0,0],[0,4.834],[0,0],[4.834,0],[0,0],[0,-4.834]],"v":[[83.084,-30.615],[38.068,-30.615],[30.011,-22.559],[30.011,0],[38.068,8.057],[83.084,8.057],[91.141,0],[91.141,-22.559]],"c":true},"ix":2},"nm":"启","mn":"ADBE Vector Shape - Group","hd":false},{"ind":1,"ty":"sh","ix":2,"ks":{"a":0,"k":{"i":[[0,-0.906],[0,0],[0.906,0],[0,0],[0,0.906],[0,0],[-0.906,0],[0,0]],"o":[[0,0],[0,0.906],[0,0],[-0.906,0],[0,0],[0,-0.906],[0,0],[0.906,0]],"v":[[79.358,-18.631],[79.358,-3.928],[77.847,-2.417],[43.304,-2.417],[41.794,-3.928],[41.794,-18.631],[43.304,-20.142],[77.847,-20.142]],"c":true},"ix":2},"nm":"启","mn":"ADBE Vector Shape - Group","hd":false},{"ind":2,"ty":"sh","ix":3,"ks":{"a":0,"k":{"i":[[0,0],[0,0],[0,0],[0,0],[0,0],[0,-4.834],[0,0],[6.244,-15.509],[0,0],[0,13.696],[0,0],[0,0],[0,4.834],[0,0],[4.834,0]],"o":[[0,0],[0,0],[0,0],[0,0],[-4.834,0],[0,0],[0,27.493],[0,0],[5.539,-15.408],[0,0],[0,0],[4.834,0],[0,0],[0,-4.834],[0,0]],"v":[[59.317,-70.999],[59.317,-80.566],[46.829,-80.566],[46.829,-70.999],[20.544,-70.999],[12.488,-62.943],[12.488,-45.621],[5.035,10.071],[17.926,10.071],[24.573,-32.831],[24.573,-39.578],[82.782,-39.578],[90.839,-47.635],[90.839,-62.943],[82.782,-70.999]],"c":true},"ix":2},"nm":"启","mn":"ADBE Vector Shape - Group","hd":false},{"ind":3,"ty":"sh","ix":4,"ks":{"a":0,"k":{"i":[[0,0],[0,0],[-0.906,0],[0,0],[0,-0.906],[0,0],[0.906,0]],"o":[[0,0],[0,-0.906],[0,0],[0.906,0],[0,0],[0,0.906],[0,0]],"v":[[24.573,-50.052],[24.573,-59.015],[26.083,-60.526],[77.545,-60.526],[79.056,-59.015],[79.056,-51.562],[77.545,-50.052]],"c":true},"ix":2},"nm":"启","mn":"ADBE Vector Shape - Group","hd":false}],"nm":"启","np":7,"cix":2,"bm":0,"ix":1,"mn":"ADBE Vector Group","hd":false}]},"fFamily":"Douyin Sans"},{"ch":"光","size":32,"style":"Bold","w":100,"data":{"shapes":[{"ty":"gr","it":[{"ind":0,"ty":"sh","ix":1,"ks":{"a":0,"k":{"i":[[0,0],[0,0],[0,0],[0,0]],"o":[[0,0],[0,0],[0,0],[0,0]],"v":[[86.911,-75.833],[75.027,-75.833],[67.776,-51.965],[79.861,-51.965]],"c":true},"ix":2},"nm":"光","mn":"ADBE Vector Shape - Group","hd":false},{"ind":1,"ty":"sh","ix":2,"ks":{"a":0,"k":{"i":[[0,0],[0,0],[0,0],[0,0]],"o":[[0,0],[0,0],[0,0],[0,0]],"v":[[32.932,-51.965],[25.781,-75.833],[13.797,-75.833],[20.947,-51.965]],"c":true},"ix":2},"nm":"光","mn":"ADBE Vector Shape - Group","hd":false},{"ind":2,"ty":"sh","ix":3,"ks":{"a":0,"k":{"i":[[0,0],[0,0],[0,0],[0,0],[0,0],[0,0],[0,0],[0,0],[0,0],[0,0],[0,0],[20.544,-8.862],[0,0],[0,18.631],[0,0],[0,0],[0,0],[-6.042,-0.806],[-6.143,0.806],[0,5.74],[0,0],[0,0],[0,0],[2.719,-0.302],[2.417,0.403],[0,2.719]],"o":[[0,0],[0,0],[0,0],[0,0],[0,0],[0,0],[0,0],[0,0],[0,0],[0,0],[0,11.682],[0,0],[27.493,-12.387],[0,0],[0,0],[0,0],[0,5.74],[5.841,0.806],[6.042,-0.806],[0,0],[0,0],[0,0],[0,2.618],[-2.618,0.302],[-2.82,-0.504],[0,0]],"v":[[68.481,-35.046],[94.263,-35.046],[94.263,-45.52],[56.497,-45.52],[56.497,-80.566],[44.211,-80.566],[44.211,-45.52],[6.445,-45.52],[7.352,-35.046],[29.709,-35.046],[29.709,-33.234],[4.733,-2.618],[8.157,10.071],[41.995,-33.234],[41.995,-35.046],[56.296,-35.046],[56.296,-2.518],[66.367,8.057],[85.501,8.057],[95.572,-2.518],[95.572,-14.2],[83.386,-15.811],[83.386,-6.747],[79.761,-2.316],[71.603,-2.417],[68.481,-6.747]],"c":true},"ix":2},"nm":"光","mn":"ADBE Vector Shape - Group","hd":false}],"nm":"光","np":6,"cix":2,"bm":0,"ix":1,"mn":"ADBE Vector Group","hd":false}]},"fFamily":"Douyin Sans"},{"ch":"帆","size":32,"style":"Bold","w":100,"data":{"shapes":[{"ty":"gr","it":[{"ind":0,"ty":"sh","ix":1,"ks":{"a":0,"k":{"i":[[0,0],[0,0],[0,0],[0,0],[-0.604,0],[0,0],[0,-0.604]],"o":[[0,0],[0,0],[0,0],[0,-0.604],[0,0],[0.604,0],[0,0]],"v":[[72.711,-22.559],[67.273,-52.771],[57.806,-52.771],[57.806,-66.769],[58.813,-67.776],[71.906,-67.776],[72.913,-66.769]],"c":true},"ix":2},"nm":"帆","mn":"ADBE Vector Shape - Group","hd":false},{"ind":1,"ty":"sh","ix":2,"ks":{"a":0,"k":{"i":[[0,0],[0,0],[-4.633,-0.806],[-2.921,0.504],[0,4.834],[0,0],[0,0],[0,0],[0.705,-0.201],[0.806,0.201],[0,1.108],[0,0],[5.237,0],[0,0],[0,-5.237],[0,0],[11.682,-8.862],[0,0],[0,18.832],[0,0],[0,0]],"o":[[0,0],[0,4.834],[3.424,0.604],[4.633,-0.806],[0,0],[0,0],[0,0],[0,1.108],[-0.806,0.201],[-0.705,-0.201],[0,0],[0,-5.237],[0,0],[-5.237,0],[0,0],[0,15.71],[0,0],[18.228,-14.603],[0,0],[0,0],[0,0]],"v":[[72.711,-19.739],[72.61,-0.705],[80.063,8.157],[90.335,8.258],[97.586,-0.705],[97.586,-16.113],[88.019,-17.523],[88.019,-4.733],[86.81,-2.921],[84.695,-2.921],[83.588,-4.733],[83.789,-69.388],[75.732,-77.444],[55.087,-77.444],[47.031,-69.388],[47.031,-37.463],[33.838,-2.115],[37.262,10.474],[57.806,-36.456],[57.806,-49.951],[63.144,-19.739]],"c":true},"ix":2},"nm":"帆","mn":"ADBE Vector Shape - Group","hd":false},{"ind":2,"ty":"sh","ix":3,"ks":{"a":0,"k":{"i":[[0,0],[0,0],[0,0],[0,0],[0,0],[0,-5.237],[0,0],[0,0],[0,0],[-0.604,0],[0,0],[0,0],[0,0],[0,0],[0,0],[-1.813,0],[0,4.028],[0,0],[5.237,0]],"o":[[0,0],[0,0],[0,0],[0,0],[-5.237,0],[0,0],[0,0],[0,0],[0,-0.604],[0,0],[0,0],[0,0],[0,0],[0,0],[1.41,0.403],[4.23,0],[0,0],[0,-5.237],[0,0]],"v":[[29.306,-67.978],[29.306,-80.566],[18.43,-80.566],[18.43,-67.978],[13.998,-67.978],[5.942,-59.921],[5.942,-12.286],[15.509,-12.286],[15.509,-57.202],[16.516,-58.209],[19.336,-58.209],[19.336,10.071],[28.5,10.071],[28.5,-18.228],[29.91,-12.991],[34.543,-12.488],[42.197,-19.839],[42.197,-59.921],[34.14,-67.978]],"c":true},"ix":2},"nm":"帆","mn":"ADBE Vector Shape - Group","hd":false},{"ind":3,"ty":"sh","ix":4,"ks":{"a":0,"k":{"i":[[0.705,0.201],[0,0],[0,0],[0,-0.604],[0,0],[1.208,0]],"o":[[0,0],[0,0],[0.604,0],[0,0],[0,1.208],[-0.604,0]],"v":[[28.5,-22.055],[28.5,-58.209],[31.622,-58.209],[32.629,-57.202],[32.629,-23.868],[30.414,-21.854]],"c":true},"ix":2},"nm":"帆","mn":"ADBE Vector Shape - Group","hd":false}],"nm":"帆","np":7,"cix":2,"bm":0,"ix":1,"mn":"ADBE Vector Group","hd":false}]},"fFamily":"Douyin Sans"}]}